name	value
schemaVersion	0.1.0
appVersion	0.1.0
createdAt	2026-09-25T12:00:00
speakerID	S001
speakerProfile	adult_female
pitchFloorHz	100
pitchCeilingHz	500
pitchOverridden	no
formantCeilingHz	5500
formantOverridden	no
formantCount	5
vowelWindowSec	3
vowelShortFraction	0.5
formantWindow	whole_trimmed
cppsMethod	maryn_weenink_2015
cppsSpeechVoicedOnly	yes
intensitySpeechVoicedOnly	yes
intensityAveraging	energy
hnrMethod	cc
periodRangeMode	derived
jitterMeasures	local
shimmerMeasures	local,local_db
channelHandling	average
